Name,Team,Position,Total Points,Average Points
Buddy Hield,SAC,"SG, SF",950,25.0
Kyrie Irving,BKN,"PG, SG",0,0.0
Mikal Bridges,PHX,SF,961,26.7
Spencer Dinwiddie,WSH,"SG, PG",777,26.8
Ben Simmons,PHI,PG,0,0.0
Kemba Walker,NY,PG,622,25.9
RJ Barrett,NY,"SF, SG",678,22.6
Dennis Schroder,BOS,PG,818,27.3
Keldon Johnson,SA,"SF, PF",870,25.6
Jalen Green,HOU,SG,451,20.5
Reggie Jackson,LAC,PG,897,27.2
Nickeil Alexander-Walker,NO,SG,750,22.7
Tim Hardaway,DAL,"SG, SF",772,25.7
P.J. Washington,CHA,"PF, C",560,26.7
Ivica Zubac,LAC,C,874,25.0
Bojan Bogdanovic,UTAH,"PF, SF",904,25.1
Isaiah Stewart,DET,"C, PF",621,22.2
Chris Boucher,TOR,"C, PF",562,18.1
Mitchell Robinson,NY,C,830,25.2
Evan Fournier,NY,"SG, SF",761,21.1
Michael Porter,DEN,"SF, PF",183,20.3
Bogdan Bogdanovic,ATL,"SG, SF",528,22.0
Joe Ingles,UTAH,"SF, SG, PF",666,19.0
Collin Sexton,CLE,"SG, PG",222,20.2
Lauri Markkanen,CLE,"PF, SF",673,24.0
Thaddeus Young,SA,"PF, SF, C",391,17.0
Steven Adams,MEM,C,881,23.8
Aaron Gordon,DEN,"PF, SF",827,26.7
Jonathan Isaac,ORL,"PF, SF",0,0.0
Marvin Bagley,SAC,PF,298,16.6
Andre Drummond,PHI,C,708,23.6
Daniel Theis,HOU,"C, PF",379,17.2
Derrick Rose,NY,PG,659,25.3
Donte DiVincenzo,MIL,"SG, PG",33,11.0
Brook Lopez,MIL,C,28,28.0
Hassan Whiteside,UTAH,C,652,19.8
Dillon Brooks,MEM,"SG, SF",540,28.4
LaMarcus Aldridge,BKN,"PF, C",735,27.2
Alex Caruso,CHI,"PG, SG",693,26.7
Killian Hayes,DET,PG,457,19.0
Ricky Rubio,CLE,PG,1011,29.7
Joe Harris,BKN,"SG, SF",274,19.6
Patty Mills,BKN,PG,835,24.6
Kawhi Leonard,LAC,"SF, PF",0,0.0
T.J. McConnell,IND,PG,596,24.8
Luguentz Dort,OKC,"SG, SF",815,24.7
Mason Plumlee,CHA,C,663,23.7
Jamal Murray,DEN,"PG, SG",0,0.0
Marcus Morris,LAC,"PF, SF",412,25.8
Kyle Anderson,MEM,"SF, PF",720,21.8
Pat Connaughton,MIL,"SG, SF",944,24.8
Monte Morris,DEN,PG,830,25.9
Chris Duarte,IND,SG,740,22.4
T.J. Warren,IND,SF,0,0.0
Hamidou Diallo,DET,SG,579,21.4
Thomas Bryant,WSH,C,0,0.0
Kelly Olynyk,DET,"C, PF",270,27.0
Coby White,CHI,PG,290,18.1
Duncan Robinson,MIA,"SG, SF",721,20.6
John Wall,HOU,PG,0,0.0
Terance Mann,LAC,SF,783,21.8
Nic Claxton,BKN,"C, PF",332,22.1
Jarred Vanderbilt,MIN,PF,752,24.3
Patrick Beverley,MIN,PG,699,28.0
Cam Reddish,ATL,"SF, SG",618,19.9
Jae Crowder,PHX,"PF, SF",683,21.3
James Wiseman,GS,C,0,0.0
Grayson Allen,MIL,SG,782,22.3
Alperen Sengun,HOU,C,755,21.6
Kevin Huerter,ATL,"SG, SF",568,20.3
Blake Griffin,BKN,PF,428,16.5
Otto Porter,GS,SF,649,21.6
Malik Monk,LAL,SG,704,21.3
Gary Harris,ORL,SG,577,19.2
JaVale McGee,PHX,C,754,22.2
De'Anthony Melton,MEM,"PG, SG",775,25.8
Talen Horton-Tucker,LAL,"SG, SF",439,20.0
Darius Bazley,OKC,"SF, PF",673,21.7
Cody Martin,CHA,SF,806,25.2
Royce O'Neale,UTAH,"SF, PF",798,23.5
Victor Oladipo,MIA,SG,0,0.0
Larry Nance,POR,PF,727,20.8
Markelle Fultz,ORL,PG,0,0.0
De'Andre Hunter,ATL,"SF, PF",173,15.7
Gary Payton,GS,PG,650,20.3
DeMarcus Cousins,MIL,C,290,19.3
Kentavious Caldwell-Pope,WSH,"SG, SF",741,22.5
Devin Vassell,SA,"SG, SF",706,23.5
Delon Wright,ATL,"SG, PG",406,13.5
Matisse Thybulle,PHI,"SF, SG",573,20.5
Isaac Okoro,CLE,SF,487,18.0
Rui Hachimura,WSH,"PF, SF",0,0.0
Facundo Campazzo,DEN,PG,685,20.8
Luke Kennard,LAC,SG,783,22.4
Dwight Howard,LAL,C,427,15.3
Danny Green,PHI,"SG, SF",495,20.6
Nicolas Batum,LAC,"SF, SG",434,22.8
Terrence Ross,ORL,"SG, SF",530,18.3
Serge Ibaka,LAC,"C, PF",221,12.3
Precious Achiuwa,TOR,"PF, C",442,18.4
Doug McDermott,SA,"SF, PF",453,17.4
Rajon Rondo,CLE,PG,220,12.2
Davion Mitchell,SAC,PG,621,19.4
Isaiah Roby,OKC,"PF, C",232,12.9
Anfernee Simons,POR,"SG, PG",559,18.6
Patrick Williams,CHI,"SF, PF",72,14.4
Deni Avdija,WSH,SF,696,19.3
Tyus Jones,MEM,PG,757,21.0
Jalen Smith,PHX,PF,212,14.1
Lonnie Walker,SA,"SF, SG",636,19.3
Immanuel Quickley,NY,PG,588,17.8
Nerlens Noel,NY,C,326,19.2
Enes Freedom,BOS,C,256,12.2
Shake Milton,PHI,"PG, SG",542,20.8
Chimezie Metu,SAC,C,533,21.3
P.J. Tucker,MIA,"SF, PF",656,21.2
Goran Dragic,TOR,PG,90,18.0
Josh Richardson,BOS,"SG, SF",520,20.8
Nassir Little,POR,"SF, PF",617,20.6
Rudy Gay,UTAH,PF,372,16.9
Danilo Gallinari,ATL,"PF, SF",478,18.4
Obi Toppin,NY,PF,556,17.4
Caleb Martin,MIA,"SG, SF",508,18.8
DeAndre Jordan,LAL,C,405,15.0
Justin Holiday,IND,"SG, SF",583,18.8
Isaiah Hartenstein,LAC,"PF, C",683,23.6
Willy Hernangomez,NO,C,392,18.7
Andre Iguodala,GS,"SF, SG",364,20.2
Garrison Mathews,HOU,"SG, SF",420,21.0
Cameron Payne,PHX,PG,609,19.6
Max Strus,MIA,SG,501,18.6
Cedi Osman,CLE,SF,579,22.3
Kevon Looney,GS,PF,654,18.7
Aaron Wiggins,OKC,SG,244,14.4
Isaiah Thomas,DAL,PG,54,10.8
Chuma Okeke,ORL,PF,470,17.4
Aleksej Pokusevski,OKC,PF,368,11.2
Nemanja Bjelica,GS,PF,539,15.4
Gabe Vincent,MIA,PG,582,18.2
Bruce Brown,BKN,SG,522,18.6
Naz Reid,MIN,C,589,17.8
Greg Monroe,MIN,C,80,26.7
Jeff Green,DEN,PF,541,16.4
Khem Birch,TOR,C,319,18.8
Dwight Powell,DAL,C,571,15.9
Jordan Nwora,MIL,SF,473,16.3
Terence Davis,SAC,SG,366,16.6
R.J. Hampton,ORL,PG,476,14.4
Moses Brown,DAL,C,143,6.5
Jaxson Hayes,NO,C,319,13.3
Kendrick Nunn,LAL,SG,0,0.0
Georges Niang,PHI,PF,578,18.6
Dewayne Dedmon,MIA,C,545,16.5
George Hill,MIL,"PG, SG",541,16.9
Kyle Guy,MIA,SG,63,31.5
Grant Williams,BOS,PF,558,17.4
Payton Pritchard,BOS,PG,303,9.8
Jonathan Kuminga,GS,"SF, PF",174,7.3
Onyeka Okongwu,ATL,C,87,29.0
Jalen McDaniels,CHA,PF,467,15.6
Furkan Korkmaz,PHI,SG,493,15.9
Kenrich Williams,OKC,SF,552,16.7
Jeremy Lamb,IND,"SG, SF",355,13.7
Tristan Thompson,SAC,"C, PF",363,13.4
Kenyon Martin,HOU,SF,577,17.0
Garrett Temple,NO,"SG, SF",523,15.4
Tacko Fall,CLE,C,50,5.0
Maxi Kleber,DAL,PF,402,19.1
Reggie Bullock,DAL,"SF, SG",325,11.2
James Bouknight,CHA,SG,97,5.7
Frank Kaminsky,PHX,"C, PF",221,24.6
Lou Williams,ATL,SG,276,11.0
Derrick Favors,OKC,"C, PF",388,13.9
Bol Bol,DEN,C,61,5.5
D.J. Wilson,TOR,PF,69,34.5
Luka Garza,DET,C,210,9.5
Davis Bertans,WSH,PF,248,10.3
Damion Lee,GS,"SF, SG",366,14.6
Josh Jackson,DET,"SF, SG",319,12.8
Marc Gasol,LAL,C,0,0.0
Paul Millsap,BKN,PF,209,9.1
Ish Smith,CHA,PG,309,12.4
Jaylen Nowell,MIN,SG,312,14.2
Tomas Satoransky,NO,"PG, SG",267,8.6
Bryn Forbes,SA,"SG, PG",408,12.4
DeAndre' Bembry,BKN,SF,514,17.1
Bones Hyland,DEN,PG,354,14.8
Juan Toscano-Anderson,GS,"PF, SF",483,14.2
Yuta Watanabe,TOR,SF,224,16.0
Jeremiah Robinson-Earl,OKC,"PF, C",504,15.8
Cory Joseph,DET,PG,460,17.0
Cam Thomas,BKN,SG,250,10.4
Thanasis Antetokounmpo,MIL,SF,220,9.2
Landry Shamet,PHX,SG,496,14.2
Ayo Dosunmu,CHI,SG,370,12.3
Damian Jones,SAC,C,275,12.5
Kent Bazemore,LAL,"SG, SF",244,11.1
Josh Christopher,HOU,SG,336,11.6
Dennis Smith,POR,PG,285,16.8
Willie Cauley-Stein,DAL,C,109,6.1
